Title,Content,Source,Label
Latest Development of COVID-19 Pandemic in Indonesia,"COVID-19 cases in Indonesia have shown a declining trend in recent weeks. The government expresses optimism in containing the virus spread as vaccination accelerates. However, the public is still urged to strictly adhere to health protocols to prevent a surge in cases.",CNN Indonesia,real
Measures to Prevent COVID-19 in the Work Environment,"Companies are required to implement distancing rules, mask-wearing, and handwashing facilities in the workplace. Shift rotations and limiting the number of employees in the office are also recommended to reduce transmission risk. Temperature checks and provision of hand sanitizers are essential additional measures.",DetikNews,fake
Psychological Impact of Self-Isolation Due to COVID-19,"Self-isolation during the pandemic can lead to psychological impacts such as stress, anxiety, and depression. Mental health experts advise the importance of maintaining social connections, daily routines, and enjoyable activities. Online psychological consultation services are also recommended as a solution to address mental health issues.",Facebook,real
Economic Recovery Strategy after COVID-19 Pandemic,"The government has developed a comprehensive strategy to revive the economy in the post-pandemic period. Key elements of the plan include targeted stimulus measures, support for small and medium enterprises, and investments in infrastructure. Experts emphasize the need for a coordinated effort between the public and private sectors to ensure a sustainable economic recovery.",Twitter,real
Effectiveness of the COVID-19 Vaccine in Suppressing the Spread of the Virus,"Studies have shown that the approved COVID-19 vaccines are highly effective in preventing severe illness and reducing virus transmission. Vaccination campaigns have been accelerated nationwide to achieve herd immunity and curb the pandemic. However, continued adherence to safety protocols remains crucial even for vaccinated individuals to prevent further outbreaks.",Instagram,real
Policy Analysis of Large-Scale Social Restrictions During the Pandemic,"The government's policy on large-scale social restrictions (PSBB) aimed to curb the spread of COVID-19 in high-risk areas. Experts have analyzed the effectiveness of PSBB in slowing down transmission, highlighting both successes and challenges in implementation. Ongoing evaluation of PSBB policies and their impact on various sectors is crucial to guide future pandemic response strategies.",Kompas TV,real
The Role of Information Technology in Handling COVID-19 Cases,"The use of information technology has been instrumental in supporting various aspects of COVID-19 response, such as contact tracing and data management. Digital platforms have enabled remote healthcare services, online learning, and facilitating coordination among authorities and the public. Experts emphasize the need to further optimize the integration of technology to enhance the efficiency and effectiveness of pandemic management.",CNBC Indonesia,real
New Health Protocols in the Era of New Habit Adaptation,"The government has introduced updated health protocols to guide the public in adapting to the new normal during the pandemic. These protocols include mandatory mask-wearing, physical distancing, regular handwashing, and other preventive measures in various settings. Compliance with the new health protocols is crucial to prevent further outbreaks as the country gradually reopens its economy and social activities.",CNN Indonesia,fake
The Impact of the COVID-19 Pandemic on Indonesia's Tourism Sector,"The COVID-19 pandemic has had a significant impact on Indonesia's tourism industry, with travel restrictions and border closures leading to a sharp decline in international and domestic tourism. Businesses in the tourism and hospitality sectors have experienced substantial losses, resulting in layoffs and financial distress for many workers and operators. Experts suggest that a comprehensive recovery plan, including targeted government support and innovative tourism offerings, is necessary to revive the sector and mitigate the long-term effects of the pandemic.",DetikNews,real
Challenges of the Indonesian Health System in Facing COVID-19,"The COVID-19 pandemic has exposed the limitations and challenges faced by Indonesia's healthcare system in effectively responding to the crisis. Shortages of medical personnel, hospital bed capacity, and critical medical supplies have been some of the key issues that have strained the system. Strengthening the resilience and capacity of the healthcare infrastructure, as well as investing in disaster preparedness, are essential to enhance the country's readiness for future public health emergencies.",Facebook,real
Health Product Innovation to Handle the COVID-19 Pandemic,"The development of innovative healthcare products has been crucial in managing the COVID-19 pandemic. Researchers and manufacturers have worked tirelessly to create new medical equipment, diagnostic tools, and treatment options to address the challenges posed by the virus. These innovations have significantly enhanced the ability of healthcare systems to effectively respond to the crisis and provide better care for patients.",Twitter,real
The Importance of Public Education in Preventing the Spread of COVID-19,"Educating the public about COVID-19 prevention measures has been a top priority for authorities and health organizations. Widespread awareness campaigns, emphasizing the importance of mask-wearing, physical distancing, and proper hygiene practices, have played a vital role in empowering individuals to take active steps in curbing the virus's transmission. Maintaining these educational efforts is essential to ensure continued compliance with safety protocols and prevent future outbreaks.",Instagram,real
Strategy for the Recovery of the MSME Sector Affected by the COVID-19 Pandemic,"The COVID-19 pandemic has had a significant impact on small and medium-sized enterprises (MSMEs), leading to financial challenges and operational disruptions. Governments have developed targeted recovery strategies to support these businesses, including access to financial aid, tax relief measures, and the provision of business continuity training. Fostering the resilience and growth of the MSME sector is crucial for sustaining local economies and driving overall economic recovery.",Kompas TV,real
Community Participation in Accelerating Economic Recovery,"The active involvement of communities has been instrumental in accelerating the economic recovery process in the aftermath of the COVID-19 pandemic. Local initiatives, such as supporting small businesses, promoting entrepreneurship, and revitalizing consumer demand, have complemented the government's efforts to stimulate economic activity. This collaborative approach between the public and private sectors has proven effective in bolstering the resilience and adaptability of local economies.",CNBC Indonesia,real
Analysis of Health System Readiness to Face the Second Wave of COVID-19,"As the world braces for the possibility of subsequent waves of the COVID-19 pandemic, health authorities have been closely analyzing the readiness and capacity of healthcare systems to handle such scenarios. This analysis involves evaluating the availability of medical resources, the resilience of supply chains, the surge capacity of hospitals, and the overall preparedness of the healthcare workforce. Leveraging these insights can help inform strategic planning and ensure that health systems are better equipped to respond effectively to future outbreaks.",CNN Indonesia,real
Impact of COVID-19 Pandemic on Public Mental Health,"The COVID-19 pandemic has had a profound impact on the mental health and well-being of individuals and communities. Factors such as prolonged isolation, economic uncertainty, and the fear of the virus have led to increased levels of stress, anxiety, and depression among the general population. Addressing these mental health challenges through accessible support services, educational campaigns, and community-based interventions has become a critical priority for policymakers and healthcare providers.",DetikNews,real
Online Learning Innovation during the COVID-19 Pandemic,"The COVID-19 pandemic has accelerated the adoption and innovation of online learning platforms and methodologies. Educational institutions have had to rapidly adapt their teaching approaches to ensure the continuity of learning during periods of physical distancing and lockdowns. These innovations have included the development of interactive virtual classrooms, personalized learning modules, and enhanced remote assessment tools. Leveraging these technological advancements can help improve the accessibility and quality of education, even in the face of future disruptions.",Facebook,real
The Government's Role in Supporting Post-Pandemic Economic Recovery,"Governments have played a crucial role in developing and implementing strategies to support the economic recovery in the aftermath of the COVID-19 pandemic. These efforts have included targeted stimulus measures, financial assistance to businesses, investments in infrastructure projects, and the facilitation of public-private partnerships. Coordinating these interventions across various sectors and stakeholders is essential to ensure a comprehensive and sustainable economic rebound.",Twitter,real
Disaster Risk Mitigation during the COVID-19 Pandemic,"The COVID-19 pandemic has highlighted the importance of effective disaster risk management and preparedness. Authorities have been challenged to simultaneously address the public health crisis while also mitigating the social and economic impacts of the pandemic. Lessons learned from this experience can inform the development of integrated disaster response plans that incorporate the management of infectious disease outbreaks, alongside other natural or man-made calamities.",Instagram,real
Government Policy in Procuring COVID-19 Vaccines in Indonesia,"The Indonesian government has taken proactive steps to secure access to COVID-19 vaccines for its population. This has involved negotiating with pharmaceutical companies, participating in global vaccine initiatives, and streamlining the regulatory approval process. Ensuring the equitable distribution and administration of these vaccines, particularly in remote and underserved areas, remains a key priority to achieve widespread immunity and control the pandemic's spread.",Kompas TV,real
The Impact of the COVID-19 Pandemic on Changes in People's Lifestyle,"The COVID-19 pandemic has led to significant changes in people's lifestyles and habits. Factors such as social distancing measures, remote work arrangements, and altered consumption patterns have reshaped the way individuals live, work, and interact. Understanding these lifestyle changes, and how they impact various aspects of society, is crucial for developing targeted interventions and policies to support the well-being of communities during and after the pandemic.",CNBC Indonesia,real
Optimizing the Role of Health Workers in Handling COVID-19,"Health workers have played a pivotal role in the frontline response to the COVID-19 pandemic. Optimizing their contributions through adequate training, resource allocation, and mental health support is essential to ensure the continued resilience and effectiveness of the healthcare system. Strategies such as efficient task distribution, leveraging technology, and fostering interdisciplinary collaboration can further enhance the capacity of health workers to manage the ongoing challenges posed by the pandemic.",CNN Indonesia,real
Logistical Challenges of COVID-19 Vaccine Distribution in Remote Areas,"The distribution of COVID-19 vaccines to remote and underserved areas presents significant logistical challenges. Factors such as infrastructure limitations, cold chain management, and accessibility barriers must be addressed to ensure equitable vaccine coverage, particularly in geographically dispersed regions. Innovative solutions, including the utilization of mobile vaccination units, drone-based delivery, and community-based distribution strategies, can help overcome these challenges and accelerate the vaccination rollout in hard-to-reach areas.",DetikNews,real
Optimizing the Role of Technology in Monitoring the Spread of COVID-19,"Technology has been instrumental in monitoring and tracking the spread of COVID-19. Optimizing the role of technology, through the use of data analytics, contact tracing applications, and early warning systems, can enhance the ability of authorities to identify hotspots, conduct targeted interventions, and make informed decisions to mitigate the pandemic's impact. Continuous investment in technological infrastructure and the integration of these tools into comprehensive public health strategies can significantly improve pandemic management and preparedness.",Facebook,real
The Impact of the COVID-19 Pandemic on the Education Sector in Indonesia,"The COVID-19 pandemic has had a profound impact on the education sector in Indonesia, disrupting traditional classroom-based learning and necessitating a rapid shift to online and distance learning modalities. Addressing the challenges posed by this transition, such as ensuring equal access to digital resources, improving the quality of remote instruction, and supporting the well-being of students and teachers, is crucial for maintaining educational continuity and mitigating the long-term consequences of the pandemic on the country's education system.",Twitter,fake
Strategies to Increase Public Compliance with Health Protocols,"Increasing public compliance with health protocols, such as mask-wearing, physical distancing, and hand hygiene, is a critical factor in curbing the spread of COVID-19. Developing effective strategies to promote and sustain this compliance, through targeted communication campaigns, community engagement, and incentive-based programs, can help strengthen the collective efforts to control the pandemic. Continuously evaluating the effectiveness of these strategies and adapting them to changing circumstances is essential for maintaining a high level of public adherence to health protocols.",Instagram,real
Analysis of the Economic Impact of the COVID-19 Pandemic on the Manufacturing Sector,"The COVID-19 pandemic has had a significant economic impact on the manufacturing sector in Indonesia. Analyzing the various aspects of this impact, including supply chain disruptions, changes in consumer demand, and shifts in production patterns, can provide valuable insights to guide policymakers and industry leaders in developing targeted recovery strategies. Identifying the unique challenges faced by different manufacturing sub-sectors and implementing tailored support measures can help facilitate the sector's resilience and sustained growth in the post-pandemic era.",Kompas TV,real
Technology-Based Health Service Innovation in the Pandemic Era,"The COVID-19 pandemic has accelerated the adoption and innovation of technology-based health services, such as telemedicine, remote patient monitoring, and digital diagnostics. These advancements have enabled healthcare providers to deliver care more efficiently, improve access to services, and enhance the overall quality of patient outcomes. Continued investment and integration of these technologies into the healthcare system can strengthen the sector's capacity to respond to future public health emergencies and provide more accessible and personalized care for the population.",CNBC Indonesia,real
The Role of Mass Media in Educating the Public about COVID-19,"The role of mass media in educating the public about COVID-19 has been crucial in disseminating accurate information, promoting preventive measures, and addressing misinformation. Effective communication strategies that leverage various media channels, including traditional and social media, can help raise awareness, foster trust, and empower individuals to make informed decisions about their health and safety. Maintaining a collaborative approach between health authorities and media organizations can enhance the reach and impact of these educational efforts.",CNN Indonesia,real
The Impact of the COVID-19 Pandemic on People's Consumption Patterns,"The COVID-19 pandemic has led to significant changes in people's consumption patterns, as they adapt to the new social and economic realities. Understanding these evolving consumption trends, such as the shift towards e-commerce, changes in spending priorities, and the emergence of new consumer preferences, can help businesses and policymakers develop more responsive strategies to meet the dynamic needs of the market. Analyzing these consumption patterns can also provide valuable insights for economic recovery and the long-term transformation of consumer behavior.",DetikNews,fake
Recovery Strategies for the Tourism Sector after the COVID-19 Pandemic,"The COVID-19 pandemic dealt a severe blow to the tourism industry, forcing many businesses to close and causing widespread job losses. As restrictions ease, it is crucial to develop comprehensive strategies to revive this vital economic sector. Governments, industry associations, and stakeholders must collaborate to implement measures that restore consumer confidence, promote sustainable tourism practices, and support the recovery of affected communities.",Facebook,real
The Impact of the COVID-19 Pandemic on the Welfare of Informal Workers,"Informal workers, who often lack access to social safety nets and job security, were disproportionately affected by the COVID-19 pandemic. Many lost their livelihoods due to lockdowns and economic disruptions, plunging them into poverty and exacerbating existing vulnerabilities. Addressing the challenges faced by this segment of the workforce is essential for achieving an inclusive and equitable recovery.",Twitter,real
The Role of Local Governments in Handling COVID-19 Cases in Their Regions,"Local governments played a pivotal role in managing the COVID-19 pandemic within their jurisdictions. Their responsibilities included implementing public health measures, coordinating with healthcare facilities, and ensuring the availability of essential services. Effective communication, resource allocation, and community engagement were critical to mitigating the impact of the virus and safeguarding the well-being of residents.",Instagram,real
Analysis of Government Communication Strategies in Handling the Pandemic,"Effective communication was paramount in shaping public perception and compliance with COVID-19 guidelines. Governments employed various strategies, including press briefings, social media campaigns, and community outreach initiatives, to disseminate accurate information and combat misinformation. Evaluating the success of these strategies can provide valuable insights for improving crisis communication in the future.",Kompas TV,real
Optimizing the Role of the Community in Supporting Post-Pandemic Recovery,"Communities played a vital role in navigating the challenges posed by the COVID-19 pandemic. As we move towards recovery, it is essential to harness the power of community engagement and collaboration. Empowering local organizations, fostering volunteerism, and promoting grassroots initiatives can contribute to rebuilding resilient and sustainable societies.",CNBC Indonesia,fake
The Impact of the COVID-19 Pandemic on Poverty Rates in Indonesia,"The COVID-19 pandemic exacerbated existing socioeconomic inequalities and pushed many Indonesians into poverty. Job losses, reduced incomes, and disruptions to essential services disproportionately affected vulnerable populations. Assessing the pandemic's impact on poverty rates is crucial for developing targeted interventions and policies to mitigate its long-term consequences and promote inclusive growth.",CNN Indonesia,real
Innovation of Information Technology Products in Handling the COVID-19 Pandemic,"The COVID-19 pandemic accelerated the adoption of digital technologies across various sectors. Innovative IT products, such as contact tracing apps, telemedicine platforms, and remote work solutions, played a crucial role in facilitating communication, delivering healthcare services, and enabling business continuity. Exploring these innovations can inform future pandemic preparedness and foster digital transformation.",DetikNews,real
The Role of Non-Governmental Organizations in Helping COVID-19 Affected People,"Non-governmental organizations (NGOs) played a vital role in supporting communities affected by the COVID-19 pandemic. Their efforts included providing humanitarian aid, offering mental health support, and advocating for the rights of vulnerable groups. Collaboration between NGOs, government agencies, and other stakeholders was essential in ensuring timely and effective assistance reached those in need.",Facebook,real
Challenges of Distance Education during the COVID-19 Pandemic,"The shift to distance learning during the COVID-19 pandemic presented significant challenges for educators, students, and families. Issues such as access to technology, digital literacy, and maintaining student engagement posed obstacles to effective online education. Addressing these challenges is crucial for ensuring continuity of learning and minimizing the long-term impact on educational outcomes.",Twitter,real
The Impact of the COVID-19 Pandemic on National Food Security,"The COVID-19 pandemic disrupted global food supply chains and threatened national food security in many countries. Factors such as labor shortages, trade restrictions, and reduced agricultural production contributed to food shortages and price volatility. Evaluating the pandemic's impact on food security is essential for developing resilient and sustainable food systems that can withstand future shocks.",Instagram,real
Government Strategies in Optimizing Health Resources,"Governments worldwide faced the challenge of optimizing limited health resources to combat the COVID-19 pandemic. Effective strategies involved reallocating funds, mobilizing healthcare professionals, and leveraging private sector support. Prioritizing critical areas and ensuring equitable access to care were crucial in mitigating the health crisis.",Kompas TV,real
Analysis of the Psychological Impact of the COVID-19 Pandemic on Children,"The COVID-19 pandemic had a significant psychological impact on children, exacerbating anxiety, depression, and social isolation. Disruptions to routines, lack of peer interactions, and parental stress contributed to adverse mental health outcomes. Addressing these challenges through tailored interventions and support systems is essential for promoting child well-being.",CNBC Indonesia,fake
The Role of Social Communities in Helping People Affected by COVID-19,"Social communities played a vital role in supporting individuals affected by the COVID-19 pandemic. Through grassroots initiatives, volunteer networks, and mutual aid groups, they provided essential resources, emotional support, and a sense of solidarity. Collaboration between communities and formal organizations enhanced resilience and helped alleviate the pandemic's impacts.",CNN Indonesia,real
The Impact of the COVID-19 Pandemic on the Development of the Creative Industry,"The COVID-19 pandemic posed significant challenges for the creative industry, including canceled events, disrupted supply chains, and economic uncertainties. However, it also catalyzed innovation and adaptation, with artists and creators exploring digital platforms, virtual experiences, and new business models. Supporting this sector's resilience is crucial for nurturing cultural expression and economic growth.",DetikNews,real
Technological Innovations to Support Economic Activities During the Pandemic,"Technological innovations emerged as crucial enablers of economic activities during the COVID-19 pandemic. From contactless payment systems and e-commerce platforms to remote work tools and supply chain optimization, digital solutions facilitated business continuity and adaptation. Embracing these innovations can enhance resilience and competitiveness in a post-pandemic world.",Facebook,real
The Role of Local Governments in Facilitating COVID-19 Vaccination,"Local governments played a pivotal role in facilitating COVID-19 vaccination efforts within their communities. Effective strategies involved community outreach, establishing accessible vaccination sites, and addressing logistical challenges. Collaboration with healthcare providers, community leaders, and local organizations was essential for achieving high vaccination rates and protecting public health.",Twitter,real
Analysis of the Impact of the COVID-19 Pandemic on Environmental Quality,"The COVID-19 pandemic had both positive and negative impacts on environmental quality. Reduced economic activities initially lowered air pollution and greenhouse gas emissions, but increased medical waste and disposable plastic usage posed new challenges. Analyzing these impacts can inform policies and practices for a more sustainable and resilient future.",Instagram,real
Optimizing the Role of Religious Organizations in Handling the Pandemic,"Religious organizations played a crucial role in supporting communities during the COVID-19 pandemic. Beyond spiritual guidance, they provided humanitarian aid, mental health support, and advocacy for vulnerable groups. Optimizing their involvement through collaborative efforts with government agencies and non-governmental organizations enhanced the effectiveness of pandemic response measures.",Kompas TV,real
The Impact of the COVID-19 Pandemic on Gender Equality in Indonesia,"The COVID-19 pandemic exacerbated existing gender inequalities and disproportionately impacted women in various sectors, including employment, healthcare, and domestic responsibilities. Addressing these disparities through inclusive policies, support services, and empowerment initiatives is crucial for promoting gender equality and ensuring a equitable recovery.",CNBC Indonesia,real
Innovation in Mental Health Services in the Era of the COVID-19 Pandemic,"The COVID-19 pandemic highlighted the need for innovative mental health services to address the psychological challenges faced by individuals and communities. Approaches such as telehealth, online support groups, and digital therapeutic interventions facilitated access to care and provided vital support during times of social distancing and isolation.",CNN Indonesia,real
The Role of the Private Sector in Supporting National Economic Recovery,"The private sector played a crucial role in supporting national economic recovery efforts during the COVID-19 pandemic. Through public-private partnerships, businesses provided vital resources, expertise, and innovation to revive economic activities. Initiatives such as employment retention programs, supply chain optimization, and investment in resilient industries contributed to economic stability and growth.",DetikNews,fake
Analysis of the Impact of the COVID-19 Pandemic on the Transportation Sector,"The COVID-19 pandemic severely disrupted the transportation sector, impacting aviation, public transportation, and logistics operations. Reduced mobility, supply chain disruptions, and heightened safety measures posed significant challenges. Analyzing the impact and developing strategies for enhancing the resilience and sustainability of transportation systems is crucial for future preparedness.",Facebook,real
Optimizing the Role of the Family in Supporting Mental Health,"Families served as a critical support system during the COVID-19 pandemic, providing emotional and practical assistance to their members. Optimizing their role in supporting mental health through open communication, coping mechanisms, and access to resources was essential for promoting overall well-being and resilience.",Twitter,real
The Impact of the COVID-19 Pandemic on Changes in Community Migration Patterns,"The COVID-19 pandemic influenced community migration patterns, as individuals sought safer living environments or relocated due to economic factors. Understanding these changes can inform urban planning, resource allocation, and policies aimed at facilitating sustainable and inclusive community development.",Instagram,real
Innovation in Digitalization of Public Services during the COVID-19 Pandemic,"The digitalization of public services accelerated during the COVID-19 pandemic, enabling remote access to essential services and enhancing efficiency. Innovations such as online platforms, e-governance solutions, and digital service delivery models played a crucial role in maintaining continuity and accessibility while minimizing physical contact.",Kompas TV,real
The Role of Youth in Supporting the Handling of the COVID-19 Pandemic,"Youth played a vital role in supporting the handling of the COVID-19 pandemic through volunteering, community outreach, and advocacy efforts. Their energy, creativity, and technological savviness contributed to raising awareness, assisting vulnerable populations, and driving positive change in their communities.",CNBC Indonesia,real
Analysis of the Impact of the COVID-19 Pandemic on National Energy Security,"The COVID-19 pandemic disrupted energy supply chains and impacted energy demand patterns, raising concerns about national energy security. Analyzing these impacts and exploring sustainable energy solutions, such as renewable sources and energy efficiency measures, is crucial for ensuring a reliable and resilient energy system.",CNN Indonesia,real
Optimizing the Role of Community Organizations in Handling the Pandemic,"Community organizations were instrumental in handling the COVID-19 pandemic at the grassroots level. By leveraging their local knowledge and networks, they provided essential services, disseminated accurate information, and advocated for the needs of their communities. Optimizing their role through collaboration and capacity-building can enhance preparedness and resilience.",DetikNews,real
The Impact of the COVID-19 Pandemic on the Sustainability of MSME Businesses,"The COVID-19 pandemic posed significant challenges for micro, small, and medium-sized enterprises (MSMEs), impacting their operations, supply chains, and cash flows. Assessing the pandemic's impact on the sustainability of these businesses and developing targeted support measures is crucial for preserving livelihoods and promoting economic recovery.",Facebook,real
Agricultural Technology Innovation to Improve Food Security,"Agricultural technology innovations, such as precision farming, vertical farming, and digital solutions, played a vital role in improving food security during the COVID-19 pandemic. These innovations optimized resource utilization, increased productivity, and enhanced supply chain resilience, ensuring a stable and sustainable food supply.",Twitter,real
The Role of the Government in Supporting the Recovery of the Tourism Sector,"Governments played a pivotal role in supporting the recovery of the tourism sector by implementing financial assistance programs, promoting domestic tourism, and establishing health and safety protocols. Collaborative efforts between governments, industry stakeholders, and local communities were essential for reviving this crucial economic sector.",Instagram,real
Analysis of the Impact of the COVID-19 Pandemic on the Welfare of the Elderly,"The COVID-19 pandemic disproportionately impacted the elderly population, exacerbating their vulnerabilities and posing challenges related to healthcare access, social isolation, and economic insecurity. Analyzing the pandemic's impact on their welfare is crucial for developing inclusive and compassionate policies and support systems.",Kompas TV,real
Optimizing the Role of Philanthropic Institutions in Handling Pandemics,"Philanthropic institutions played a critical role in supporting pandemic response and recovery efforts through their financial resources and expertise. Optimizing their involvement through strategic partnerships, coordination, and capacity-building can enhance the effectiveness and sustainability of pandemic preparedness and response measures.",CNBC Indonesia,fake
The Impact of the COVID-19 Pandemic on Health Infrastructure Development,"The COVID-19 pandemic exposed the limitations of existing health infrastructure and highlighted the need for investment and innovation. Assessing the impact on healthcare facilities, medical equipment, and healthcare workforce capacity can inform strategies for strengthening health systems and enhancing their resilience in the face of future crises.",CNN Indonesia,real
Innovation of Distance Education Services in the Era of COVID-19 Pandemic,"The COVID-19 pandemic accelerated the adoption of distance education services, leveraging digital technologies and online platforms to ensure continuity of learning. Innovations in virtual classrooms, interactive learning resources, and remote assessment methods were crucial for adapting to the changing educational landscape.",DetikNews,real
The Role of Private Companies in Supporting Employee Vaccination,"Private companies played a key role in supporting employee vaccination efforts during the COVID-19 pandemic. By coordinating with healthcare providers, offering on-site vaccination clinics, and implementing vaccination incentives, they contributed to protecting their workforce and promoting public health.",Facebook,real
Analysis of the Impact of the COVID-19 Pandemic on the Creative Industry Sector,"The COVID-19 pandemic severely impacted the creative industry sector, disrupting events, exhibitions, and cultural activities. Analyzing the pandemic's effects on artists, performers, and creative professionals is crucial for developing targeted support measures and fostering the resilience of this vital sector.",Twitter,real
Optimizing the Role of Professional Organizations in Handling Pandemics,"Professional organizations played a vital role in handling the COVID-19 pandemic by providing expert guidance, advocating for their members, and contributing to policy development. Optimizing their involvement through collaboration, knowledge sharing, and capacity-building can enhance preparedness and response efforts.",Instagram,real
Impact of COVID-19 Pandemic on Family Economic Resilience,"The COVID-19 pandemic challenged family economic resilience, as job losses, reduced incomes, and disrupted supply chains impacted household finances. Understanding the pandemic's impact on family economic well-being is crucial for developing targeted support measures and fostering resilient and sustainable livelihoods.",Kompas TV,real
Logistics Service Innovation for Goods Distribution During Pandemic,"Logistics service innovations, such as contactless delivery, real-time tracking, and optimized routing, were essential for ensuring the efficient distribution of goods during the COVID-19 pandemic. These innovations enhanced supply chain resilience, minimized disruptions, and facilitated the movement of essential supplies.",CNBC Indonesia,real
The Role of Indigenous Communities in Preserving Culture during the Pandemic,"Indigenous communities played a vital role in preserving cultural traditions and practices during the COVID-19 pandemic. Through virtual gatherings, storytelling, and the transmission of indigenous knowledge, they ensured the continuity of their rich heritage. Respecting and supporting these efforts is crucial for maintaining cultural diversity and resilience.",CNN Indonesia,real
Analysis of the Impact of the COVID-19 Pandemic on Financial Sector Performance,"The COVID-19 pandemic had a significant impact on the financial sector, affecting banking operations, investment markets, and economic stability. Analyzing the performance of financial institutions, regulatory responses, and the sector's resilience is crucial for identifying areas for improvement and enhancing preparedness for future crises.",DetikNews,real
Optimizing the Role of Youth in Assisting Post-Pandemic Recovery,"Youth played a pivotal role in assisting post-pandemic recovery efforts through their energy, creativity, and technological skills. By participating in community initiatives, volunteering, and driving innovative solutions, they contributed to rebuilding resilient societies and fostering sustainable development.",Facebook,real
The Impact of the COVID-19 Pandemic on Changes in Public Consumption Patterns,"The COVID-19 pandemic influenced public consumption patterns, with shifts towards online shopping, home-based entertainment, and a focus on essential goods. Understanding these changes is crucial for businesses and policymakers to adapt and develop strategies that align with evolving consumer preferences and behavior.",Twitter,real
Technology-Based Health Service Innovation for Remote Areas,"Technology-based health service innovations, such as telemedicine and remote monitoring, enabled healthcare access in remote areas during the COVID-19 pandemic. These solutions facilitated virtual consultations, disease surveillance, and healthcare delivery, thereby overcoming geographical barriers and promoting equitable access to medical services.",Instagram,real
The Role of Local Government in Supporting Local Economic Recovery,"Local governments played a crucial role in supporting local economic recovery by implementing targeted initiatives, facilitating collaborations with businesses, and addressing community-specific needs. Their efforts in fostering entrepreneurship, promoting local products, and revitalizing local industries were essential for driving economic growth and resilience.",Kompas TV,real
Analysis of the Impact of the COVID-19 Pandemic on the Trade Sector,"The COVID-19 pandemic disrupted global trade flows, impacting import and export activities, supply chains, and cross-border transactions. Analyzing the pandemic's impact on the trade sector is crucial for identifying vulnerabilities, developing resilient trade policies, and promoting sustainable international economic cooperation.",CNBC Indonesia,real
Optimizing the Role of Religious Organizations in Community Empowerment,"Religious organizations played a significant role in community empowerment during the COVID-19 pandemic. Through their extensive networks and grassroots connections, they provided support, facilitated access to resources, and fostered social cohesion. Optimizing their role through partnerships and capacity-building can enhance community resilience.",CNN Indonesia,real
Innovation of Vocational Education Services in the Era of New Habit Adaptation,"The COVID-19 pandemic accelerated the need for innovation in vocational education services, leading to the adoption of virtual learning platforms, remote practical training, and industry-aligned curricula. These innovations aimed to equip students with relevant skills and prepare them for the changing job market in the era of new habit adaptation.",Facebook,real
The Role of Non-Governmental Organizations in Assisting Vulnerable Groups,"Non-governmental organizations (NGOs) played a vital role in assisting vulnerable groups during the COVID-19 pandemic. Through their grassroots presence and community networks, they provided essential services, advocated for rights, and supported marginalized populations. Collaboration between NGOs, governments, and stakeholders enhanced the effectiveness of relief efforts.",Twitter,fake
Analysis of the Impact of the COVID-19 Pandemic on the Energy and Resources Sector,"The COVID-19 pandemic had far-reaching impacts on the energy and resources sector, affecting demand patterns, supply chains, and investment decisions. Analyzing these impacts is crucial for developing sustainable strategies, promoting energy transition, and ensuring the sector's resilience in the face of future disruptions.",Instagram,fake
Optimizing the Role of Youth in Supporting the Food Independence Movement,"Youth played a pivotal role in supporting the food independence movement during the COVID-19 pandemic. Through initiatives such as urban farming, community gardens, and agricultural entrepreneurship, they contributed to local food production, promoted sustainable practices, and raised awareness about food security.",Kompas TV,fake
The Impact of the COVID-19 Pandemic on the Development of the Manufacturing Industry,"The COVID-19 pandemic significantly impacted the development of the manufacturing industry, disrupting supply chains, altering consumer demand, and accelerating the adoption of automation and digital technologies. Assessing these impacts is crucial for developing resilient and sustainable manufacturing strategies that align with evolving market conditions.",CNBC Indonesia,fake
Telemedicine-Based Health Service Innovation for Chronic Diseases,"Telemedicine-based health service innovations emerged as a crucial solution for managing chronic diseases during the COVID-19 pandemic. Through virtual consultations, remote monitoring, and digital therapeutics, patients with chronic conditions could access quality care while minimizing exposure risks and reducing the burden on healthcare facilities.",CNN Indonesia,fake
The Role of Local Governments in Increasing the Capacity of Health Workers,"Local governments played a vital role in increasing the capacity of health workers during the COVID-19 pandemic. Through initiatives such as training programs, resource allocation, and workforce mobilization, they ensured that healthcare professionals were adequately prepared and supported to tackle the surge in demand for medical services.",DetikNews,fake
Analysis of the Impact of the COVID-19 Pandemic on the Property and Construction Sector,"The COVID-19 pandemic had a significant impact on the property and construction sector, disrupting projects, altering demand patterns, and affecting investment decisions. Analyzing these impacts is crucial for developing strategies to revive the sector, promote sustainable practices, and align with evolving market conditions.",Facebook,fake
Optimizing the Role of Professional Organizations in Supporting Economic Recovery,"Professional organizations played a key role in supporting economic recovery by providing expert guidance, advocating for their members, and collaborating with stakeholders. Optimizing their role through knowledge-sharing, policy development, and capacity-building initiatives can enhance the resilience and competitiveness of various industries.",Twitter,fake
The Impact of the COVID-19 Pandemic on Changes in People's Shopping Patterns,"The COVID-19 pandemic catalyzed changes in people's shopping patterns, with a surge in online purchases, contactless payments, and a preference for local and sustainable products. Understanding these shifts is crucial for retailers, e-commerce platforms, and policymakers to adapt and create seamless and secure shopping experiences.",Instagram,fake
Technology-based Social Service Innovations for Affected Communities,"Technology-based social service innovations emerged as crucial solutions for assisting affected communities during the COVID-19 pandemic. Through online platforms, mobile applications, and digital outreach, vulnerable populations could access essential services, receive support, and connect with resources, overcoming physical barriers and ensuring continuity of care.",Kompas TV,fake
The Role of the Private Sector in Assisting Regional Economic Recovery,"The private sector played a crucial role in supporting local COVID-19 vaccine development efforts. Through public-private partnerships, pharmaceutical companies and research institutions collaborated to accelerate vaccine research, clinical trials, and production. This collaborative approach contributed to the development of locally-tailored vaccines and enhanced national self-sufficiency in vaccine supply.",CNBC Indonesia,fake
Analysis of the Impact of the COVID-19 Pandemic on the Mining Sector,"The COVID-19 pandemic had a profound impact on the manufacturing industry sector, disrupting supply chains, altering demand patterns, and necessitating the adoption of new safety protocols and automation technologies. Analyzing these impacts is crucial for developing resilient manufacturing strategies, enhancing productivity, and promoting sustainable industrial practices.",CNN Indonesia,fake
Optimizing the Role of Sports Communities in Maintaining Public Health,"The disability community played a vital role in supporting post-pandemic recovery efforts, advocating for inclusive policies and practices that address their unique needs and challenges. Optimizing their involvement through accessible infrastructure, assistive technologies, and empowerment initiatives can promote equal opportunities and foster a more inclusive and resilient society.",DetikNews,fake
The Impact of the COVID-19 Pandemic on Changes in Community Work Patterns,"The COVID-19 pandemic influenced public tourism consumption patterns, with a shift towards domestic and local tourism, outdoor activities, and a preference for safe and responsible travel experiences. Understanding these changes is crucial for the tourism industry, local communities, and policymakers to develop sustainable and inclusive tourism strategies that align with evolving consumer preferences.",Facebook,fake
Technology-Based Health Service Innovation for High-Risk Patients,"Technology-based health service innovations, such as telemedicine platforms and remote patient monitoring systems, played a crucial role in improving accessibility to healthcare services during the COVID-19 pandemic. These innovations enabled individuals with mobility challenges, those in remote areas, and vulnerable populations to access quality care while minimizing exposure risks and overcoming geographical barriers.",Twitter,fake
The Role of Local Government in Optimizing Local Resources,"The role of local government in optimizing local resources is crucial for sustainable development. Local governments play a key role in identifying, managing, and maximizing the use of resources within their jurisdictions. They are responsible for developing strategies and policies that promote efficient and sustainable resource utilization, including natural resources, human capital, and infrastructure. By effectively managing local resources, local governments can enhance economic growth, improve quality of life, and ensure environmental sustainability for current and future generations.",Instagram,fake
Analysis of the Impact of the COVID-19 Pandemic on the Logistics and Transportation Sectors,"The COVID-19 pandemic has had a profound impact on the logistics and transportation sectors worldwide. The sudden onset of the pandemic and the subsequent lockdowns and restrictions imposed by governments led to disruptions in supply chains, reduced demand for transportation services, and changes in consumer behavior.",Kompas TV,fake
Optimizing the Role of the Arts and Culture Community in Strengthening Resilience,"The arts and culture community plays a significant role in strengthening resilience in society, especially during challenging times such as natural disasters, economic downturns, and pandemics. Through various forms of artistic expression, including music, visual arts, theater, and literature, the arts community can inspire hope, foster social cohesion, and promote healing.",CNBC Indonesia,fake
The Impact of the COVID-19 Pandemic on Changes in Public Education Patterns,"One of the most noticeable changes has been the widespread adoption of online and remote learning. Schools and educational institutions around the world quickly transitioned to virtual classrooms, using video conferencing tools and online platforms to deliver lessons and engage with students. This shift has highlighted the importance of digital literacy and access to technology in education.",CNN Indonesia,real
Technology-Based Financial Services Innovation to Increase Financial Inclusion,"Technology-based financial services innovation has the potential to significantly increase financial inclusion by providing access to financial services for underserved populations. One of the key ways technology can drive financial inclusion is through mobile banking and digital payment solutions. Mobile phones are ubiquitous, even in remote areas, and can serve as a platform for accessing banking services, making payments, and transferring money.",DetikNews,real
The Role of the Private Sector in Supporting Health Infrastructure Development,"The private sector plays a crucial role in supporting health infrastructure development, particularly in areas where public resources are limited or where there is a need for innovation and efficiency. Private sector involvement can complement public sector efforts and help address gaps in healthcare infrastructure.",Facebook,fake
Analysis of the Impact of the COVID-19 Pandemic on the Agriculture and Plantation Sectors,"The COVID-19 pandemic has had a significant impact on the agriculture and plantation sectors worldwide, affecting both production and supply chains. The pandemic has disrupted agricultural activities, leading to labor shortages, reduced access to inputs such as seeds and fertilizers, and disruptions in transportation and distribution networks.",Twitter,fake
Optimizing the Role of the Youth Community in Supporting Post-Pandemic Recovery,"Optimizing the role of the youth community is crucial in supporting post-pandemic recovery efforts. The youth represent a significant portion of the population and have the energy, creativity, and drive to contribute to rebuilding societies and economies. ",Instagram,fake
The Impact of the COVID-19 Pandemic on Changes in Community Tourism Patterns,"The COVID-19 pandemic has had a significant impact on community tourism patterns, leading to changes in travel behavior and preferences. With the implementation of travel restrictions, lockdowns, and health and safety concerns, community tourism has faced both challenges and opportunities.",Kompas TV,fake
Technology-Based Health Service Innovation to Detect COVID-19 Early,"Overall, technology-based health service innovations have been instrumental in early detection and response to the COVID-19 pandemic. These innovations have not only improved patient outcomes but have also helped mitigate the impact of the virus on healthcare systems and communities.",CNBC Indonesia,fake
The Role of Local Governments in Improving Local Food Security,Local governments play a critical role in improving local food security by implementing policies and programs that address the root causes of food insecurity and promote access to nutritious and affordable food for all residents.,CNN Indonesia,fake
Analysis of the Impact of the COVID-19 Pandemic on the International Trade Sector,"The COVID-19 pandemic has had a significant impact on the international trade sector, disrupting global supply chains, reducing demand for goods and services, and leading to economic uncertainty. The pandemic has highlighted the vulnerabilities of the global trade system and accelerated existing trends towards protectionism and deglobalization.",DetikNews,fake
Optimizing the Role of the Women's Community in Overcoming Pandemic Challenges,"Optimizing the role of the women's community is essential in overcoming the challenges posed by the pandemic. Women have been disproportionately affected by the pandemic, facing increased caregiving responsibilities, job losses, and a higher risk of exposure to the virus. Empowering women and ensuring their full participation in pandemic recovery efforts is crucial for building a more inclusive and resilient society.",Facebook,fake
The Impact of the COVID-19 Pandemic on Changes in Community Investment Patterns,"The COVID-19 pandemic has had a significant impact on community investment patterns, leading to changes in how communities invest their resources and prioritize their needs. The pandemic has highlighted the importance of resilience and sustainability, leading to shifts in investment towards areas that can help communities better withstand future crises. ",Twitter,real
Technology-Based Education Service Innovation to Support Online Learning,"Technology-based education service innovations have played a crucial role in supporting online learning, especially during the COVID-19 pandemic. These innovations have enabled educators and students to adapt to remote learning environments and have facilitated access to education in challenging circumstances",Instagram,fake
The Role of the Private Sector in Supporting Local COVID-19 Vaccine Development,"
The private sector plays a crucial role in supporting local COVID-19 vaccine development through various means, including research and development (R&D) investments, manufacturing capabilities, and partnerships with governments and other organizations.",Kompas TV,fake
Analysis of the Impact of the COVID-19 Pandemic on the Manufacturing Industry Sector,"Overall, the COVID-19 pandemic has had a profound impact on the manufacturing industry, leading to disruptions in supply chains, changes in production priorities, and shifts in consumer behavior. Manufacturers are now facing the challenge of adapting to these changes and building resilience to future disruptions.",CNBC Indonesia,fake
Optimizing the Role of the Disability Community in Supporting Post-Pandemic Recovery,"Optimizing the role of the disability community is essential in supporting post-pandemic recovery efforts and building a more inclusive society. The disability community has faced unique challenges during the pandemic, including barriers to healthcare, education, employment, and social inclusion.",CNN Indonesia,fake
The Impact of the COVID-19 Pandemic on Changes in Public Tourism Consumption Patterns,"The COVID-19 pandemic has had a profound impact on public tourism consumption patterns, leading to significant changes in how people travel, where they go, and what activities they engage in while traveling.",DetikNews,real
Technology-Based Health Service Innovation to Improve Accessibility,"
Technology-based health service innovations have significantly improved accessibility to healthcare services, especially for individuals in remote or underserved areas. These innovations leverage digital technologies to overcome geographical barriers, reduce costs, and enhance the quality of care.",Facebook,real
The Role of Local Government in Supporting Local Micro Business Development,,Twitter,fake
Optimizing the Role of the Elderly Community in Maintaining Mental Health,,Instagram,fake
The Impact of the COVID-19 Pandemic on Changes in Remote Work Patterns,,Kompas TV,fake
Technology-Based Financial Services Innovation to Facilitate MSMEs,,CNBC Indonesia,fake
The Role of the Private Sector in Supporting the Development of the Local Pharmaceutical Industry,,CNN Indonesia,fake
Analysis of the Impact of the COVID-19 Pandemic on the Tourism Industry Sector,,DetikNews,fake
Optimizing the Role of Farming Communities in Increasing Food Security,,Facebook,fake
The Impact of the COVID-19 Pandemic on Changes in People's Online Shopping Patterns,,Twitter,fake
Technology-Based Health Service Innovation to Improve Risk Assessment,,Instagram,fake
The Role of Regional Government in Supporting Local Creative Economy Development,,Kompas TV,fake
Analysis of the Impact of the COVID-19 Pandemic on the Information Technology Industry Sector,,CNBC Indonesia,fake
Optimizing the Role of the Educational Community in Supporting Distance Learning,,CNN Indonesia,fake
The Impact of the COVID-19 Pandemic on Changes in Community Communication Patterns,,DetikNews,fake
Technology-Based Social Service Innovation to Increase Social Inclusion,,Facebook,fake
The Role of the Private Sector in Supporting the Development of the Local Medical Device Industry,,Twitter,fake
Analysis of the Impact of the COVID-19 Pandemic on the Transportation Industry Sector,,Instagram,fake
Optimizing the Role of Religious Communities in Supporting Social Resilience,,Kompas TV,fake
The Impact of the COVID-19 Pandemic on Changes in Community Mobility Patterns,,CNBC Indonesia,fake
Technology-Based Health Service Innovation to Support Mental Health,,DetikNews,fake
